"flagCode","country","GlobalPeaceIndex_2026","GlobalPeaceIndex_2025","GlobalPeaceIndex_2024","GlobalPeaceIndex_2023","GlobalPeaceIndex_2022","GlobalPeaceIndex_2021","GlobalTerrorismIndex_2025","GlobalTerrorismIndex_2024","GlobalTerrorismIndex_2023","GlobalTerrorismIndex_2022","SafestCountriesIndexViaTravelSafe","RiskLevelByCountryViaTravelSafe","SafestCountriesRankUSNews_2024"
"IS","Iceland",1.161,1.095,1.112,1.124,1.107,1.1,0.123,0.233,,,95,"Low",13
"NZ","New Zealand",1.343,1.282,1.323,1.313,1.269,1.253,0.217,1.947,3.776,4.376,90,"Low",8
"CH","Switzerland",1.363,1.294,1.35,1.339,1.357,1.323,1.265,0.627,2.205,2.522,89,"Low",1
"SI","Slovenia",1.369,1.409,1.395,1.334,1.316,1.315,,,,,87,"Low",32
"IE","Ireland",1.371,1.26,1.303,1.312,1.288,1.326,0.233,0.03,0.291,1.06,83,"Low",12
"AT","Austria",1.421,1.294,1.313,1.316,1.3,1.317,0.582,0.953,2.677,3.261,92,"Low",4
"PT","Portugal",1.427,1.371,1.372,1.333,1.301,1.267,,,,,57,"Low",15
"SG","Singapore",1.435,1.357,1.339,1.332,1.326,1.347,,,,,90,"Low",19
"FI","Finland",1.478,1.42,1.474,1.399,1.439,1.402,0.949,,,1.007,86,"Low",7
"JP","Japan",1.489,1.44,1.525,1.336,1.336,1.373,0.949,1.189,2.398,1.46,83,"Low",16
"DK","Denmark",1.504,1.393,1.382,1.31,1.296,1.256,0.72,,0.158,0.291,94,"Low",5
"MY","Malaysia",1.513,1.469,1.427,1.513,1.471,1.515,1.626,0.192,1.357,2.247,69,"Medium",44
"CZ","Czechia",1.517,1.435,1.459,1.379,1.318,1.329,2.906,,,0.291,88,"Low",27
"CA","Canada",1.525,1.491,1.449,1.35,1.389,1.33,1.87,1.753,3.275,3.882,88,"Low",6
"HU","Hungary",1.538,1.5,1.502,1.508,1.411,1.494,,,,,83,"Low",26
"BT","Bhutan",1.546,1.536,1.564,1.496,1.481,1.51,,,,,70,"Low",
"NL","Netherlands",1.566,1.491,1.527,1.49,1.522,1.506,1.402,0.577,2.12,2.077,75,"Low",11
"MU","Mauritius",1.586,1.586,1.577,1.546,1.57,1.592,,,,,80,"Low",
"LV","Latvia",1.589,1.558,1.661,1.582,1.673,1.686,0.423,,,,80,"Low",35
"AU","Australia",1.602,1.505,1.536,1.525,1.565,1.47,1.973,1.475,1.83,2.438,86,"Low",9
"BE","Belgium",1.608,1.492,1.51,1.523,1.526,1.496,1.347,1.904,2.763,1.745,70,"Low",10
"PL","Poland",1.615,1.713,1.678,1.634,1.552,1.524,1.962,,,,84,"Low",22
"HR","Croatia",1.619,1.519,1.504,1.45,1.44,1.48,,,,,83,"Low",28
"LT","Lithuania",1.62,1.558,1.672,1.671,1.724,1.689,0.423,0.059,0.508,0.827,79,"Low",33
"EE","Estonia",1.623,1.559,1.615,1.563,1.662,1.612,,,,,82,"Low",36
"BG","Bulgaria",1.628,1.61,1.629,1.643,1.541,1.577,,,,,80,"Low",37
"ES","Spain",1.654,1.578,1.597,1.649,1.603,1.621,1.256,1.669,2.712,2.861,83,"Medium",21
"DE","Germany",1.657,1.533,1.542,1.456,1.462,1.48,4.748,2.782,4.242,4.729,85,"Medium",17
"SK","Slovakia",1.661,1.609,1.634,1.578,1.499,1.557,1.023,1.092,2.784,,80,"Low",34
"ME","Montenegro",1.672,1.685,1.746,1.772,1.801,1.847,,,,,70,"Low",
"QA","Qatar",1.676,1.593,1.656,1.524,1.533,1.605,,,,,84,"Low",24
"TL","Timor-Leste",1.681,1.758,1.882,1.796,1.839,1.873,,,,,48,"High",
"NO","Norway",1.688,1.644,1.638,1.55,1.465,1.438,1.198,1.747,3.514,1.109,85,"Low",2
"MN","Mongolia",1.692,1.719,1.845,1.765,1.775,1.783,,,,,71,"Low",
"IT","Italy",1.712,1.662,1.692,1.662,1.643,1.652,0.929,1.447,3.29,3.687,77,"Medium",23
"AL","Albania",1.725,1.812,1.809,1.745,1.761,1.824,,,,,75,"Low",
"UZ","Uzbekistan",1.726,1.926,1.957,2.033,2.001,2.062,0.233,0.423,1.731,,40,"Medium",71
"GQ","Equatorial Guinea",1.729,2.004,2.132,2.013,1.863,1.915,,,,,68,"Medium",
"GB","United Kingdom",1.73,1.634,1.703,1.693,1.667,1.658,2.639,2.373,3.84,4.77,77,"Low",18
"SE","Sweden",1.732,1.709,1.782,1.625,1.564,1.46,1.842,0.735,2.307,1.66,83,"Low",3
"VN","Vietnam",1.738,1.721,1.802,1.745,1.786,1.835,,,0.227,0.407,73,"Low",55
"TW","Taiwan",1.751,1.73,1.818,1.649,1.618,1.662,,,,0.227,54,"Low",
"UY","Uruguay",1.754,1.784,1.893,1.798,1.795,1.817,0.059,0.114,0.826,1.322,77,"Low",56
"KZ","Kazakhstan",1.771,1.875,1.954,1.98,2.071,1.936,,,,,72,"Low",65
"RO","Romania",1.788,1.721,1.755,1.649,1.64,1.53,,,0.682,1.06,80,"Low",40
"MK","North Macedonia",1.792,1.799,1.764,1.713,1.704,1.744,,,,,55,"Low",
"TJ","Tajikistan",1.799,1.996,2.035,2.114,2.031,2.095,0.999,0.871,3.438,3.988,38,"Medium",
"BA","Bosnia and Herzegovina",1.81,1.895,1.961,1.892,1.85,1.97,1.218,,,,48,"Low",
"KW","Kuwait",1.813,1.642,1.622,1.669,1.739,1.688,,,,,66,"Low",41
"BW","Botswana",1.823,1.743,1.863,1.762,1.801,1.753,,,,,77,"Low",
"AM","Armenia",1.825,1.893,2.052,1.929,1.992,2.075,0.72,0.423,,,60,"Low",
"CL","Chile",1.826,1.899,1.978,1.874,1.84,1.831,5.162,5.679,6.619,6.496,79,"Medium",57
"GR","Greece",1.828,1.764,1.793,1.89,1.838,1.932,2.928,3.028,4.793,4.849,73,"Low",20
"MD","Moldova",1.836,1.918,1.976,1.873,1.882,1.909,,,,,67,"Medium",
"GM","Gambia",1.837,1.855,2.079,1.888,1.792,1.853,,,,,69,"Medium",
"KR","South Korea",1.839,1.736,1.848,1.763,1.779,1.877,0.582,,,,82,"Low",29
"LA","Laos",1.846,1.783,1.861,1.779,,,,,,,51,"Medium",
"MG","Madagascar",1.849,1.895,1.838,1.846,1.995,1.963,,,,,49,"Medium",
"OM","Oman",1.85,1.738,1.761,1.794,1.889,1.982,2.927,,,,76,"Low",42
"KG","Kyrgyzstan",1.853,1.988,2.053,2.11,2.028,1.998,,,,,38,"Medium",
"CR","Costa Rica",1.86,1.843,1.95,1.731,1.732,1.735,,,,,64,"Medium",48
"NA","Namibia",1.872,1.789,1.972,1.859,1.908,1.927,,,,,71,"Medium",
"PY","Paraguay",1.882,1.981,2.044,1.942,1.976,1.997,0.073,0.241,1.605,2.194,45,"Low",
"MA","Morocco",1.887,2.012,2.054,2.02,1.969,2.015,,,0.757,1.156,54,"Medium",45
"TM","Turkmenistan",1.903,2.019,2.079,2.107,2.116,2.154,,,,,42,"Medium",
"LK","Sri Lanka",1.91,2.075,2.195,2.136,2.02,2.083,,3.072,4.839,5.445,60,"Medium",73
"JO","Jordan",1.913,1.957,1.998,1.895,1.849,1.916,2.913,0.455,2.033,2.594,53,"Medium",49
"ID","Indonesia",1.918,1.786,1.857,1.829,1.8,1.783,4.17,3.993,5.502,5.5,58,"Medium",51
"RS","Serbia",1.919,1.914,1.93,1.921,1.832,1.797,0.582,,,,77,"Medium",66
"JM","Jamaica",1.919,2.047,2.119,1.986,1.99,1.992,,,,,55,"Medium",
"AR","Argentina",1.922,1.768,1.855,1.837,1.911,1.945,0.801,1.274,2.875,2.657,70,"Low",53
"AE","United Arab Emirates",1.927,1.812,1.897,1.979,1.865,1.848,1.178,0.233,1.241,,79,"Low",25
"SL","Sierra Leone",1.937,1.887,1.993,1.792,1.803,1.813,,,,,50,"Medium",
"SN","Senegal",1.939,1.936,2.084,1.827,1.916,1.864,1.578,,1.108,1.58,45,"High",
"GH","Ghana",1.943,1.898,1.938,1.799,1.759,1.715,,,,,73,"Medium",70
"TN","Tunisia",1.947,1.998,2.044,2.01,1.996,2.108,2.184,2.914,3.989,4.447,53,"Medium",58
"AO","Angola",1.955,1.987,2.043,2.02,1.982,2.017,1.657,2.254,0.158,0.291,48,"High",
"TT","Trinidad and Tobago",1.959,2.02,2.092,1.946,2.005,2.029,,,,,43,"High",
"CY","Cyprus",1.967,1.933,2.101,1.904,1.903,1.912,0.347,0.616,1.392,0.922,75,"Low",31
"PA","Panama",1.976,2.006,2.14,1.942,1.876,1.919,,,,,65,"Medium",61
"ZM","Zambia",1.992,1.914,1.948,1.898,1.841,1.964,,,,,52,"Medium",
"MW","Malawi",1.994,1.955,2.063,1.97,1.895,1.909,,,,,,,
"PG","Papua New Guinea",2.002,2.23,2.315,2.095,2.046,2.149,,,,,47,"Medium",
"GW","Guinea-Bissau",2.012,2.112,2.085,2.045,2.156,2.113,,,,,36,"Medium",
"LS","Lesotho",2.016,2.267,2.461,2.191,2.089,2.202,,,,,47,"Medium",
"LR","Liberia",2.024,1.939,2.025,1.946,1.973,1.998,,,,,45,"Medium",
"GT","Guatemala",2.025,2.174,2.332,2.13,2.139,2.195,,,,,54,"Medium",74
"DO","Dominican Republic",2.038,1.996,2.157,2.019,1.99,2.024,,,,,54,"Medium",60
"ZW","Zimbabwe",2.051,2.223,2.396,2.3,2.35,2.49,,,,,53,"Medium",69
"DZ","Algeria",2.053,2.042,2.11,2.094,2.146,2.31,2.415,2.197,4.083,4.432,44,"Medium",64
"BO","Bolivia",2.054,2.005,2.009,2.001,1.989,2.14,,,,,57,"Low",
"CI","Ivory Coast",2.061,2.066,2.255,2.053,2.144,2.123,1.454,2.06,3.747,4.31,37,"Medium",
"GE","Georgia",2.066,2.185,2.195,2.071,2.065,2.054,,,,,63,"Low",
"SA","Saudi Arabia",2.067,2.035,2.206,2.26,2.288,2.376,0.845,1.366,2.387,3.11,46,"Medium",39
"KH","Cambodia",2.075,2.019,2.028,1.947,1.882,2.008,0.423,,,,68,"Low",76
"HN","Honduras",2.075,2.347,2.415,2.265,2.269,2.371,,,,,49,"Medium",63
"TZ","Tanzania",2.08,1.965,1.987,2.058,2.001,1.892,1.573,2.267,4.065,4.53,,,
"FR","France",2.083,1.967,2.088,1.939,1.895,1.868,2.712,2.647,4.419,4.562,64,"Medium",30
"GA","Gabon",2.086,2.238,2.372,2.068,1.973,2.074,,,,0.291,45,"High",
"TH","Thailand",2.089,2.017,2.048,2.061,2.098,2.205,4.63,4.219,5.43,5.723,48,"Medium",46
"PH","Philippines",2.092,2.148,2.21,2.229,2.339,2.417,5.166,5.383,6.328,6.79,47,"Medium",62
"GY","Guyana",2.093,2.149,2.286,2.134,2.14,2.114,,,,,43,"Medium",
"SZ","Eswatini",2.095,2.094,2.209,2.168,2.033,1.955,0.087,0.18,1.058,,47,"Medium",
"DJ","Djibouti",2.098,2.276,2.374,2.196,2.213,2.146,1.461,2.035,3.8,,38,"Medium",
"NI","Nicaragua",2.107,2.207,2.295,2.294,2.334,2.445,,,,,46,"Medium",
"PE","Peru",2.12,2.073,2.179,2.13,2.091,2.034,2.062,2.045,3.856,4.471,50,"Medium",50
"BH","Bahrain",2.131,2.099,2.072,2.145,2.085,2.121,0.059,0.123,0.826,2.145,46,"Low",38
"CU","Cuba",2.139,2.123,2.16,2.103,2.083,2.042,,,,,47,"Medium",
"AZ","Azerbaijan",2.142,2.067,2.248,2.09,2.437,2.334,0.233,,,,51,"Medium",59
"NP","Nepal",2.143,1.987,2.069,2.006,1.947,2.033,1.113,2.163,4.134,4.693,59,"Medium",
"MR","Mauritania",2.184,2.204,2.136,2.228,2.193,2.29,,,0.291,0.509,35,"High",
"EG","Egypt",2.186,2.157,2.212,2.267,2.342,2.397,4.416,5.221,6.632,6.932,38,"Medium",52
"RW","Rwanda",2.2,2.036,2.12,2.051,1.945,2.028,,0.114,0.826,1.243,37,"Low",
"BY","Belarus",2.216,2.267,2.291,2.248,2.259,2.285,0.233,,,,77,"Low",78
"GN","Guinea",2.22,2.253,2.423,2.359,2.332,2.069,,,,,39,"Medium",
"BD","Bangladesh",2.226,2.318,2.126,2.051,2.067,2.068,3.03,3.317,3.827,4.411,49,"Medium",75
"CN","China",2.231,2.093,2.101,2.009,2.01,2.114,1.863,0.582,,1.863,66,"Medium",54
"TG","Togo",2.251,2.381,2.381,2.13,2.094,2.239,5.004,4.67,4.915,1.243,69,"Medium",
"CG","Republic of the Congo",2.256,2.132,2.261,2.21,2.184,2.291,,,,,54,"Medium",
"SV","El Salvador",2.264,2.136,2.25,2.279,2.231,2.184,,,,,50,"Medium",67
"BJ","Benin",2.293,2.211,2.306,2.177,2.125,2.093,4.802,4.898,4.84,3.164,45,"Medium",
"ZA","South Africa",2.308,2.347,2.507,2.405,2.283,2.344,,,0.826,1.243,48,"Medium",83
"BR","Brazil",2.333,2.472,2.589,2.462,2.465,2.43,1.43,1.988,0.599,0.951,52,"Medium",85
"LY","Libya",2.361,2.478,2.528,2.605,2.93,3.166,1.612,2.469,4.73,5.1,21,"High",
"MZ","Mozambique",2.383,2.273,2.25,2.259,2.316,2.123,6.251,6.267,7.33,7.432,46,"High",
"IN","India",2.409,2.229,2.319,2.314,2.578,2.553,6.411,6.324,7.175,7.432,47,"Medium",82
"ER","Eritrea",2.412,2.542,2.748,2.505,2.494,2.555,,,,,32,"Medium",
"BI","Burundi",2.417,2.574,2.567,2.393,2.47,2.434,4.043,2.434,4.051,4.271,30,"High",
"UG","Uganda",2.42,2.217,2.477,2.3,2.309,2.219,3.702,4.377,3.599,4.106,49,"Medium",
"LB","Lebanon",2.435,2.674,2.693,2.581,2.615,2.797,1.237,1.562,3.4,3.566,35,"High",87
"KE","Kenya",2.447,2.392,2.409,2.254,2.303,2.254,5.366,5.616,6.163,6.166,45,"Medium",72
"VE","Venezuela",2.516,2.692,2.821,2.693,2.798,2.934,0.71,1.174,3.409,4.005,33,"High",
"US","United States",2.535,2.443,2.622,2.448,2.44,2.337,3.517,4.141,4.799,4.961,68,"Low",47
"EC","Ecuador",2.539,2.459,2.572,2.095,1.988,2.044,1.55,0.167,2.198,2.766,55,"Low",79
"TR","Turkey",2.605,2.852,2.78,2.8,2.785,2.843,3.968,4.168,5.6,5.651,45,"Medium",43
"CM","Cameroon",2.634,2.683,2.773,2.66,2.709,2.7,6.944,6.98,7.347,7.432,36,"High",84
"ET","Ethiopia",2.648,2.688,2.845,2.872,2.806,2.613,0.787,1.272,3.044,3.759,41,"High",
"MX","Mexico",2.65,2.636,2.778,2.599,2.612,2.62,0.582,1.04,1.578,2.428,65,"Medium",81
"IQ","Iraq",2.662,2.862,3.045,3.006,3.157,3.257,6.582,7.078,8.139,8.511,14,"High",
"CO","Colombia",2.735,2.695,2.887,2.693,2.729,2.694,6.381,6.188,6.697,7.068,42,"Medium",86
"NG","Nigeria",2.755,2.869,2.907,2.713,2.725,2.712,7.658,7.575,8.065,8.233,33,"Medium",
"HT","Haiti",2.755,2.731,2.827,2.395,2.254,2.151,,,,,42,"High",
"IR","Iran",2.759,2.75,2.682,2.8,2.687,2.637,6.056,4.464,5.688,5.015,35,"High",77
"TD","Chad",2.769,2.593,2.704,2.699,2.591,2.489,5.032,4.987,6.168,6.379,32,"High",
"NE","Niger",2.832,2.759,2.792,2.625,2.655,2.589,7.776,7.274,7.616,7.856,37,"High",
"KP","North Korea",2.845,2.911,3.055,2.848,2.942,2.923,,,,,21,"High",
"PS","Palestine",2.877,2.811,2.872,2.538,2.552,2.61,4.93,4.966,4.611,4.736,,,
"BF","Burkina Faso",2.882,3.016,2.969,2.868,2.786,2.527,8.581,8.571,8.564,8.27,41,"Medium",
"CF","Central African Republic",2.906,2.912,3.009,2.934,3.021,3.131,0.957,1.445,3.194,,32,"High",
"MM","Myanmar",2.911,3.045,2.943,2.741,2.631,2.457,6.929,7.536,7.977,,39,"Medium",68
"PK","Pakistan",2.919,2.797,2.783,2.745,2.789,2.868,8.374,7.916,8.16,7.825,26,"High",
"SO","Somalia",2.973,2.983,3.091,3.036,3.125,3.211,7.614,7.814,8.463,8.398,16,"High",
"ML","Mali",2.996,3.061,3.095,2.963,2.911,2.813,7.907,7.998,8.412,8.152,31,"High",
"SY","Syria",3.067,3.184,3.173,3.294,3.356,3.371,8.006,7.89,8.161,8.25,10,"High",
"YE","Yemen",3.081,3.262,3.397,3.35,3.394,3.407,5.08,4.951,5.616,5.87,10,"High",
"AF","Afghanistan",3.106,3.229,3.294,3.448,3.554,3.631,7.262,7.825,8.822,9.109,14,"High",
"SS","South Sudan",3.116,3.117,3.324,3.221,3.184,3.363,,,,,10,"High",
"IL","Israel",3.124,3.108,3.115,2.706,2.576,2.669,7.463,8.143,5.489,4.778,60,"Medium",88
"UA","Ukraine",3.184,3.434,3.28,3.043,2.971,2.66,2.003,1.686,1.535,2.304,30,"High",89
"CD","DR Congo",3.189,3.292,3.264,3.214,3.166,3.196,6.768,6.514,6.872,6.733,21,"High",
"SD","Sudan",3.195,3.323,3.327,3.023,3.007,2.936,,,,0.291,55,"High",
"RU","Russia",3.367,3.441,3.249,3.142,3.275,2.993,6.267,3.016,3.799,4.219,34,"High",80
"PR","Puerto Rico",,,,,,,,,,,34,"Medium",
"FJ","Fiji",,,,,,,,,,,70,"Low",
"LU","Luxembourg",,,,,,,,,,,74,"Low",14
"SR","Suriname",,,,,,,,,,,62,"Medium",
"MT","Malta",,,,,,,,,,,78,"Low",
"MV","Maldives",,,,,,,,,,,46,"Low",
"BN","Brunei",,,,,,,,,,,80,"Low",
"BZ","Belize",,,,,,,,,,,43,"Medium",
"BS","Bahamas",,,,,,,,,,,49,"Low",
"VU","Vanuatu",,,,,,,,,,,70,"Low",
"PF","French Polynesia",,,,,,,,,,,92,"Low",
"BB","Barbados",,,,,,,,,,,80,"Low",
"WS","Samoa",,,,,,,,,,,70,"Low",
"CW","Curacao",,,,,,,,,,,80,"Low",
"LC","Saint Lucia",,,,,,,,,,,70,"Low",
"SC","Seychelles",,,,,,,,,,,80,"Low",
"GD","Grenada",,,,,,,,,,,80,"Low",
"AW","Aruba",,,,,,,,,,,90,"Low",
"TO","Tonga",,,,,,,,,,,70,"Low",
"KY","Cayman Islands",,,,,,,,,,,50,"Medium",
"DM","Dominica",,,,,,,,,,,80,"Low",
"BM","Bermuda",,,,,,,,,,,90,"Low",
"GL","Greenland",,,,,,,,,,,80,"Low",
"KN","Saint Kitts and Nevis",,,,,,,,,,,70,"Low",
"GI","Gibraltar",,,,,,,,,,,90,"Low",
"LI","Liechtenstein",,,,,,,,,,,89,"Low",
"VG","British Virgin Islands",,,,,,,,,,,89,"Low",
"MC","Monaco",,,,,,,,,,,88,"Low",
"PW","Palau",,,,,,,,,,,80,"Low",
"AI","Anguilla",,,,,,,,,,,70,"Low",
"NR","Nauru",,,,,,,,,,,80,"Low",
"MS","Montserrat",,,,,,,,,,,70,"Low",
,"Average",2.0812407407407414,2.0894382716049376,2.1510493827160504,2.0715185185185176,2.071962732919255,2.0826583850931684,,,,,,,